path,filename,modified,size,sha256,root
.,0016810.html,2020-08-08 14:59:38.724070,37.77KB,5fd3530a46e3dee6753f8f4476f989df482f73a59db002c33a1afe7447a38bac,AGS
.,0026647.html,2020-08-08 15:00:50.950076,48.0KB,55819eee7c10eb40674fd09c5f1f6ef38c8d5c5390945f7893ddc5c7b84e8a89,AGS
.,0029081.html,2020-08-08 15:01:08.934354,48.07KB,c7dc61cc0f59eb386f634c0f24943135ee9013b239281d7d932eb6eda24bd2fe,AGS
.,0081798.html,2020-08-08 15:07:41.337331,11.41KB,034e739b5ec1a03e2b67ed3c067d6bcba5d9a39bc7f53e72a558e1080bce70a4,AGS
.,0081856.html,2020-08-08 15:07:41.831700,10.29KB,a21c2d2f796b919a6b58901d1b637757b9deae4cfbc6a774726065ac3813801d,AGS
.,0081857.html,2020-08-08 15:07:41.839715,15.71KB,06e7f3cf644814c4757c82b9c1105f23eaad87ba2ede3e4325b51e94efd50e53,AGS
.,0125315.html,2020-08-08 15:14:36.694592,1.08KB,e509888736be0db7d1b7b49cea4f777e11b59b253d07387effa60208c15d9cff,AGS
.,0125591.html,2020-08-08 15:14:38.847880,32.1KB,fb2810b1c0425a5ee4b2b5dd52f3f5b651cedb121133c7c2bfd457bfd70986dc,AGS
.,0125618.html,2020-08-08 15:14:39.096662,48.01KB,84d387e205648f2a2a7c21077f2d25b9cd6bdb93a2991cc81694541d0eec1e83,AGS
.,0125628.html,2020-08-08 15:14:39.166663,48.01KB,f9e4fbccf02592f6f73378d454454df4b25687e16b38bb1e43c7ca45417da539,AGS
.,0128511.html,2020-08-08 15:15:00.104392,48.02KB,d8a12929e34a7c301737fc6a62342a79f4c35c1c480d72a7a21366ee9149fbe1,AGS
.,0145115.html,2020-08-08 15:17:00.612542,1.46KB,946fd4ccf58b9c78cd2ac7cb13d789a4976d6958ec83e52bad6862a87b068fc4,AGS
.,0403842.html,2020-08-08 15:55:07.168219,9.39KB,7d7199f350a3cc6868051007187fcadb541a67f7ebb280425a4ccd747057866f,AGS
.,0403852.html,2020-08-08 15:55:07.234219,21.85KB,168d4bdb7004c6b03828d82a3a40ee37dd8d83abe2e48148bc32f7676bba0428,AGS
.,0403871.html,2020-08-08 15:55:07.388441,17.34KB,5b0f81ef8dc0e0a698954d54fa4d7f6aee615ef5d1d2f6c6f752f278a0aebe87,AGS
.,0426184.html,2020-08-08 15:57:57.362101,30.56KB,a1582e0b5b7d9276acfa141715e54a1822bec7fb57f3c5ee41cd0501a8ebb0f5,AGS
.,0426326.html,2020-08-08 15:57:58.433317,31.23KB,15b524d8bf6d1ea910c1decf1336eea5d5a18ac42cd8f5c9fdb83f5aea4389bc,AGS
.,0426346.html,2020-08-08 15:57:58.576332,10.88KB,1530a9c8600834e0289f97ab7cda5dfd597677016f1b8fd344d2bf33a37d823c,AGS
.,0427702.html,2020-08-08 15:58:08.563429,4.52KB,b60fa8da3d3c8c48c5ce5818dbefe29fdb6c3e5f4d2dcfa4d9dbcbb72d551040,AGS
.,0427792.html,2020-08-08 15:58:09.210428,2.83KB,4cc4031e7efc753d2a64a5ac8058ef45c1ed41497135c5bf7145dc32569ca21d,AGS
.,0429161.html,2020-08-08 15:58:19.154391,30.45KB,14fe86614b23d1dfc77eaa3aae689da94da91468a3dbae16d5436e4665e90ef3,AGS
.,0429164.html,2020-08-08 15:58:19.175407,49.53KB,e21267e6c74e7d71667f47555c7baa60f7f984fc09fba5430c746d97759621ea,AGS
.,0432399.html,2020-08-08 15:58:43.449342,31.0KB,b5a1ede3257eea0838bc00ddcbb1b2a58d40c460c0ea2734342960b8536fdd9f,AGS
.,0432431.html,2020-08-08 15:58:43.680342,25.12KB,35c8d8de85ab028e498f792ff6d93921b6d95bcf5f08d30536613e398fcb21db,AGS
.,0432462.html,2020-08-08 15:58:43.901342,31.43KB,6820cb96862742a851d6b3aa00dad6ac955bd24eafca1eff249cd184951a350e,AGS
.,0432492.html,2020-08-08 15:58:44.157342,26.19KB,0943bf1f0ff7fab7c3b718fe8c6cbb8c1f57f3d29f0d8ab3a1d9f4d514c21404,AGS
.,0432670.html,2020-08-08 15:58:45.614431,4.3KB,abf5fd8dfa3f101052b214096ef0cd562a4531ff165725c6c238ce6226df813f,AGS
.,0443480.html,2020-08-08 16:00:07.008835,4.3KB,50efcff141fd2cf7b41aaf66d7d8bcee6138b99a4501562b61688b58023b63fa,AGS
.,0454623.html,2020-08-08 16:01:35.129109,24.13KB,38a701cccb4bf190d0c0695f2c71530b0732f0cdb0f3e279d79e668326f4a87f,AGS
.,0454633.html,2020-08-08 16:01:35.200109,119.11KB,14f3f945d7a12baf019cec3c6c364c175bf38967e81f952c1a960c0dc6faabeb,AGS
.,0456237.html,2020-08-08 16:01:47.777050,7.8KB,959624557e3a107f0efbe9bb9d01adc815c6002cb6f04cbc296876650bfbecd9,AGS
.,0460905.html,2020-08-08 16:02:23.677035,22.1KB,f81b4b4e3d0e42ce03be882ae02455b8f9583f9be79f89e527ce205546983319,AGS
.,0461190.html,2020-08-08 16:02:25.840348,120.38KB,d03692e57b7b258a5b1544596c46d979c1adf71445a2f128d81a304ecdeb8908,AGS
.,0461462.html,2020-08-08 16:02:27.936734,1.31KB,496ca8c616ebb97ffb212b6e654fdcb185134e1e18427ce30a33e9f53bcc03f2,AGS
.,0467459.html,2020-08-08 16:03:13.605792,81.99KB,4139bd0420e7701cc648063a24791e381c4d488ce569a538b1cd265fa8eab806,AGS
.,0467499.html,2020-08-08 16:03:13.894778,8.02KB,d35c067da032698c512be872d4b3376acc05cc16293053cff2f0ffae1ee8dbb0,AGS
.,0467532.html,2020-08-08 16:03:14.195792,71.88KB,139fe9e617aebed572a9a6e0ddb4869c325b318c94b962b267e350cd70dd223a,AGS
.,0475258.html,2020-08-08 16:04:12.517531,11.37KB,42638a485134481233eeab848352d763f35b0d949bd08dd0197eaa59acc4d266,AGS
.,0489427.html,2020-08-08 16:06:03.767936,15.86KB,817ed548dc1d8e75ff77f8c0c5678ec920cbef9c9c0720c397c23a63626fa71e,AGS
.,0511476.html,2020-08-08 16:08:51.032257,70.51KB,7b42698ee67389b4d1de811d75d01e1eab2f09f824d801377cd86b2c2a2f389b,AGS
.,0549366.html,2020-08-08 16:13:41.985219,189.34KB,5ae9041cb142e19fff130abab213706dd7d56dee404719d51bd69227da863e23,AGS
.,0597631.html,2020-08-08 16:22:11.019510,2.66KB,e96c60769398a4085b76073f77b6b93a0591f6f9afbfe826a773a4e686fbda7a,AGS
.,0597706.html,2020-08-08 16:22:11.557706,2.58KB,996ed32c04d43529990fa1fc0c56f822589cdfb81fb8461e97d53d963766215f,AGS
.,0604363.html,2020-08-08 16:25:05.182211,2.93KB,82578bb02522a68689e716dc482468d6c23237b7182fdb65a50a4802ca946826,AGS
.,0604365.html,2020-08-08 16:25:05.196212,4.58KB,d09313b5cb5bae556f6372eeeeb2312c7c9db58fb6ba427b32536fe842781dbd,AGS
.,0604496.html,2020-08-08 16:25:06.269510,20.25KB,61eeac29ad4de36d1b59f33f2bf825448053c4405132ffb53d867aa30696c1e0,AGS
.,0604507.html,2020-08-08 16:25:06.343509,7.6KB,130b064629eb42cfa239907cd4b8c9ceccfd247287ee665a4ff68fea3a3d06c4,AGS
.,0604543.html,2020-08-08 16:25:06.585677,16.31KB,91077f64d16a82b0be5b6735346fa7b6670d9a6b9076142cd1160046853e8b28,AGS
.,0604544.html,2020-08-08 16:25:06.592676,29.97KB,d7e8379205a09df2725683b866d5511302699bd2a80e0520d38d4336121b683f,AGS
.,0604570.html,2020-08-08 16:25:06.767676,24.57KB,6066b2f3c70b0ebcdf2b6a5aeb81ce07a24794d3273105b4a0695b7327ae01b6,AGS
.,0604583.html,2020-08-08 16:25:06.855677,8.19KB,19342a92fb859d10d8496876cfeb5ec7f2384a635d5e37eba49bb4e46eb1f31d,AGS
.,0604589.html,2020-08-08 16:25:06.896677,13.24KB,47ce7c3ded02253c4ea58c9f0e9f0833939389e0be29eb2f2deeb16921b81bc7,AGS
.,0604597.html,2020-08-08 16:25:06.950677,8.68KB,40fea525a43ff3023ece73ea1bc4ff915e0ee9ef53b344d910067dabd846a579,AGS
.,0617738.html,2020-08-08 16:26:51.840340,48.05KB,e0e1cddc8a45ddd5f6541bd5aa78bb98943b9034e068f244c828e26e14d84490,AGS
.,0617740.html,2020-08-08 16:26:51.855340,48.06KB,03d458a28a196ae84c59295d50d90cd2730fa0db7cbe119047b7135aa472373f,AGS
.,0653567.html,2020-08-08 16:32:01.826265,48.0KB,47b2f4a0c4bf2490411038451f5f9fc042296da5b455f7676a9935a685d1e24c,AGS
.,0653617.html,2020-08-08 16:32:02.176265,48.0KB,9ce0f85cd1658a92f6f2243da87729c36d961f3c07e4c0e09242e7458f5aa396,AGS
.,0655718.html,2020-08-08 16:32:17.174150,20.47KB,8dec035c4327cb525193e5e31ac0b1ae78b5dd6ac8134da2220cf8ddba6754b2,AGS
.,0665569.html,2020-08-08 16:33:31.401790,48.07KB,99f8e6ffc7246e9c8b82491978c6653602fdd219fc43a4b5ffac10b68051a0ee,AGS
.,0710174.html,2020-08-08 16:39:08.837410,11.2KB,bacc59f540056b8c51f4aa92801b2e7089263180b715ab29818743cc20208575,AGS
.,0710175.html,2020-08-08 16:39:08.844410,10.26KB,430c71d65e527a8a5041eb6f10313a01a52f8bc77216e33b4b364d3db58e7dd9,AGS
.,0710200.html,2020-08-08 16:39:09.016410,48.02KB,030f492ea2c5267319516bfb0a7f1fa053520bd56dbb79b09242c6b334545c71,AGS
.,0710202.html,2020-08-08 16:39:09.030410,48.02KB,409bb1c4690bceba15d7f04c599c4be63da2f07deeba35361795bbb45e514671,AGS
.,0710204.html,2020-08-08 16:39:09.055410,48.02KB,835b557e26dfaff9f23fac26932a60bf263ba278135656f71b55f0d5f0727cfb,AGS
.,0710206.html,2020-08-08 16:39:09.069411,48.02KB,32bd0aba80fafb29b61128dd0a272b3d12615f8b81172375e2e4645c947c7ca8,AGS
.,0710208.html,2020-08-08 16:39:09.083410,48.02KB,552cafdc9fef57771643678451da764c0a311dca7c177e43c90cb30fdd61192c,AGS
.,0711721.html,2020-08-08 16:39:20.293688,48.02KB,209f2f64fba19e2c23e69d3fedafeac94a93e474a7e0e0bf779bd79367a55832,AGS
.,0711797.html,2020-08-08 16:39:20.821846,48.0KB,0d498da033a06166fdbd484141bbf5418daa9ffe877391c94d8e051ac5a3eb98,AGS
.,0711862.html,2020-08-08 16:39:21.277847,24.68KB,82087b2af877bcd555659ea86d6f6f53ff7e8c71f2819120254c7c2091d929f8,AGS
.,0711863.html,2020-08-08 16:39:21.283845,21.36KB,9d1b3d2efc2c11c733bcb29bd3397c6bcbd5a56e1bb1788cebe219ea38cd21ce,AGS
.,0711900.html,2020-08-08 16:39:21.539995,48.02KB,a5b9e4186f70951e81788298fc435cb8d396e2ac92364779521f62b7c69b64e2,AGS
.,0712492.html,2020-08-08 16:39:26.073670,48.06KB,14ce5a3dc5c502919022e11cfd1b60b46e3cbee2f46eb73091b83bbb73c7bf11,AGS
.,0737801.html,2020-08-08 16:42:32.682710,21.22KB,45ec7e81e33a8152f1a475e3b13e335262a710d8061a8f6db5b10054a27eee0d,AGS
.,0737802.html,2020-08-08 16:42:32.689710,47.52KB,a27d9fda8c6321ac76be0526b524a2709061bceb9f446299af74c1a7c3756d09,AGS
.,0737808.html,2020-08-08 16:42:32.730710,43.12KB,c2da471f7b008961f101a82ec3d5bda5f35871b99ccfb541c35ad10bcadf4fe3,AGS
.,0737815.html,2020-08-08 16:42:32.779710,32.83KB,0950b9eda165f9274bf0854e530739a7004e4db34d8f9a459a2e7008cc725ffd,AGS
.,0751785.html,2020-08-08 16:44:17.574792,48.07KB,2a431cde61cfd75e4ea366321f0c7d1193455b18b15832eb0a6a88177e5b1c25,AGS
.,0789556.html,2020-08-08 16:49:02.292778,1.39KB,af4d9cd7dac596243e79f1b7ca6eb251a706cebbcba797498ecb59653da32a24,AGS
.,0793986.html,2020-08-08 16:49:37.391382,13.85KB,bfd9a656b7c208f324311d12222b1efa2d2191eaae14cd4897ebd89dd22b026c,AGS
.,0793995.html,2020-08-08 16:49:37.458397,8.3KB,b193cdbc1d00632b738adf9b5f773d09487764e16981a81711e244c0b6a6d333,AGS
.,0800893.html,2020-08-08 16:50:30.457191,48.0KB,9800556161a10621dbe4ab51c62d0e90dee8586a0baaa4197f7030e2466e818f,AGS
.,0806979.html,2020-08-08 16:51:16.135466,9.08KB,ad29fbebc42ed75a842de4ffc119fe84865b0edb5811dc4f78fde13efb878cde,AGS
.,0809636.html,2020-08-08 16:51:36.542535,2.62KB,688ceef68057da6eb09023efc096adfa7a52e33958b6ef5693bf975770d869ce,AGS
.,0809700.html,2020-08-08 16:51:37.015536,1.06KB,48c971a8feba1d64a17aa3831c2667c03dfb14943c3e198bb05013968789c62a,AGS
.,0837669.html,2020-08-08 16:55:10.860073,48.02KB,dceec88de712d2d34e20da407f3b39e3541f79e3e4a90d85eb81a9188dabd78f,AGS
.,0837671.html,2020-08-08 16:55:10.875072,48.02KB,dd1b04b9e4b849678a7579e96d2ba5943c59586bf25c0740bb9d04cb525e396b,AGS
.,0837673.html,2020-08-08 16:55:10.889072,48.02KB,69a33a354b07325e5becdc08622246606efd891d889254ccc026736a6a87c9bb,AGS
.,0837675.html,2020-08-08 16:55:10.904073,48.02KB,3d58b402eb105795f29ad05b6c2af094c9283d4ffd1a28cebca224b8c2fa8c3b,AGS
.,0837677.html,2020-08-08 16:55:10.918072,48.02KB,22fa5ba5187dc29f5f788b9efadc4809af722d456eca3ea46f07d03572bb0212,AGS
.,0838463.html,2020-08-08 16:55:16.763042,48.06KB,ace56f033841c09e94b9d686f0b2b1e3ce3d259138e1f8749aa0ef37093489ca,AGS
.,0839216.html,2020-08-08 16:55:22.461951,78.15KB,ba9f0a5a77f5a547af5bc0ff0014297a2c6dc13b78a70bd63d4fa9c916213cba,AGS
.,0839396.html,2020-08-08 16:55:23.882130,48.02KB,1fd5b9c5c233b607878e173f577d1425b08bf128213fd0dfc0097ff09aae5eab,AGS
.,f1992479.html,2020-08-07 22:50:01.394706,14.87KB,e8e9d3a7aef45926550beede478dad6a8be003112b3af58ff7d5a822977a4032,AGS
.,f21117511_from_s_Magick_Geometry.html,2020-08-07 22:53:24.976502,2.96KB,de7ef42f3d190233d340d8c3c07edf0164961877a807a67a09311a330644d23f,AGS
.,f21117519_to_s_Magick_Geometry.html,2020-08-07 22:53:24.976502,4.62KB,61d8c4a0b3a764a8e1d19f260485b3c278693026b76815fd09a4beffc9f3aeb7,AGS
.,f21121095_Class_Magick_Geometry.html,2020-08-07 22:53:25.385192,7.27KB,731030436bf8dee46d5d442a7a2226fd79edfb753b0b24ecaa4cf6cfa991b2d4,AGS
.,f2687431_Writing_Programs_with_NCURSES.html,2020-08-07 22:50:16.158768,48.0KB,93a99bd228eaab79f48a05b92084755477526e94e8a52d9753e4d57c5a144f5e,AGS
.,f304327071.html,2020-08-07 23:32:05.342393,29.56KB,2c07a30c2c207b04e79f953983279de5401903044ecbe460dfda1e092dbb135d,AGS
.,f304357663.html,2020-08-07 23:32:06.668947,77.17KB,336a5ff6d04f749901b6cfc935d41bcdd35f09f5464819fde2922a94ace6b212,AGS
.,f304378903.html,2020-08-07 23:32:07.317726,24.12KB,37be4e43930025e65cf4cea143aff48f66d4fc35c96fd87b14b2dcf7639abccd,AGS
.,f304380207.html,2020-08-07 23:32:07.339726,30.43KB,b365884df3c187060325ac489ec3c51814bbfc918e6107134abdca92ae17165f,AGS
.,f304412903.html,2020-08-07 23:32:07.908871,30.0KB,5163b3307cb23e710f37ef1a5c1a02b986dcc912b5fefebefdbc15aea2e8fa26,AGS
.,f304523783.html,2020-08-07 23:32:11.315615,25.19KB,2191da8645df92d544a2e8a9cb5a1b30cdf34cc6409ca320da2ff5efbb2d9d32,AGS
.,f338171071.html,2020-08-07 23:38:21.400931,48.38KB,582cb7991f970568459adb025e761e0664004fbbef104f4adc0cef6403cfe15e,AGS
.,f48405031_Expat_XML_Parser.html,2020-08-07 22:56:42.051698,47.76KB,2966efae8edb793ab8a80cea1681868ebb716cfa74441eca90bab85632a10560,AGS
.,f48409343.html,2020-08-07 22:56:42.101384,11.13KB,5441df4aa0319c9ccb8cf2f7b938f14a079d67b7711e3cf78bca355e796aa84c,AGS
.,f48409951_FreeType_2_3_9_API_Reference.html,2020-08-07 22:56:42.115384,48.0KB,54f678cc1185c812a81c3d523fd2f0d1aec4813fde4cdff3ea499bcbeecf519a,AGS
.,f48410271_FreeType_2_3_9_API_Reference.html,2020-08-07 22:56:42.122383,48.0KB,686def6e3345ce562487ebc4f464056fb67b561f0bf57a6e5b599822da770c2d,AGS
.,f48663903_qmake_Command_Reference.html,2020-08-07 22:56:45.315110,48.0KB,ba47fe46976f74d7602dd37e6179c8cae7dbcfe108a2cc4c1178ce8904c3f45f,AGS
.,f7745311_ImageMagick_Advanced_Unix_Source_Installation.html,2020-08-07 22:51:35.630746,39.31KB,4fb4070227cb5e9c44576d8a233f882c7ef630f1b7761804b55d38ca77c73d21,AGS
